1-1-1,service.BenchmarkRequestFlights,2,pkg/service/service_test.go,708,0.001837906,664062,2684
1-1-2,service.BenchmarkRequestFlights,2,pkg/service/service_test.go,711,0.001827438,661910,2685
1-1-3,service.BenchmarkRequestFlights,2,pkg/service/service_test.go,690,0.001832744,681141,2693
1-1-4,service.BenchmarkRequestFlights,2,pkg/service/service_test.go,718,0.001832173,656073,2684
1-1-5,service.BenchmarkRequestFlights,2,pkg/service/service_test.go,684,0.0018497,689730,2706
1-1-1,service.BenchmarkRequestFlights,1,pkg/service/service_test.go,1034,0.001197765,486172,2689
1-1-2,service.BenchmarkRequestFlights,1,pkg/service/service_test.go,990,0.001203266,505530,2698
1-1-3,service.BenchmarkRequestFlights,1,pkg/service/service_test.go,980,0.001204854,505412,2681
1-1-4,service.BenchmarkRequestFlights,1,pkg/service/service_test.go,1033,0.001196607,485859,2687
1-1-5,service.BenchmarkRequestFlights,1,pkg/service/service_test.go,976,0.001229355,509207,2689
1-1-1,service.BenchmarkRequestDestinations,2,pkg/service/service_test.go,200,0.005999272,846734,13773
1-1-2,service.BenchmarkRequestDestinations,2,pkg/service/service_test.go,189,0.006189041,850608,13781
1-1-3,service.BenchmarkRequestDestinations,2,pkg/service/service_test.go,181,0.006330926,856609,13799
1-1-4,service.BenchmarkRequestDestinations,2,pkg/service/service_test.go,195,0.0061609,854276,13800
1-1-5,service.BenchmarkRequestDestinations,2,pkg/service/service_test.go,196,0.006104848,859123,13819
1-1-1,service.BenchmarkRequestDestinations,1,pkg/service/service_test.go,193,0.006273538,847472,13771
1-1-2,service.BenchmarkRequestDestinations,1,pkg/service/service_test.go,193,0.006217577,851901,13789
1-1-3,service.BenchmarkRequestDestinations,1,pkg/service/service_test.go,183,0.006341057,854967,13794
1-1-4,service.BenchmarkRequestDestinations,1,pkg/service/service_test.go,198,0.006078779,853618,13799
1-1-5,service.BenchmarkRequestDestinations,1,pkg/service/service_test.go,196,0.006098849,859925,13823
1-1-1,service.BenchmarkHandlerGetFlightSeats,2,pkg/service/service_flights_test.go,1270,0.000937334,188385,2517
1-1-2,service.BenchmarkHandlerGetFlightSeats,2,pkg/service/service_flights_test.go,1377,0.000936142,183554,2519
1-1-3,service.BenchmarkHandlerGetFlightSeats,2,pkg/service/service_flights_test.go,1257,0.000939295,189773,2520
1-1-4,service.BenchmarkHandlerGetFlightSeats,2,pkg/service/service_flights_test.go,1336,0.000910791,186188,2522
1-1-5,service.BenchmarkHandlerGetFlightSeats,2,pkg/service/service_flights_test.go,1360,0.000904711,185430,2523
1-1-1,service.BenchmarkHandlerGetFlightSeats,1,pkg/service/service_flights_test.go,1302,0.00093676,186768,2517
1-1-2,service.BenchmarkHandlerGetFlightSeats,1,pkg/service/service_flights_test.go,1322,0.000931653,186087,2519
1-1-3,service.BenchmarkHandlerGetFlightSeats,1,pkg/service/service_flights_test.go,1371,0.000924313,184175,2520
1-1-4,service.BenchmarkHandlerGetFlightSeats,1,pkg/service/service_flights_test.go,1380,0.000914047,184175,2521
1-1-5,service.BenchmarkHandlerGetFlightSeats,1,pkg/service/service_flights_test.go,1360,0.000897983,185395,2523
1-1-1,service.BenchmarkRequestCreateBooking,2,pkg/service/service_test.go,26785,0.000047578,7000,140
1-1-2,service.BenchmarkRequestCreateBooking,2,pkg/service/service_test.go,24698,0.000047308,7066,141
1-1-3,service.BenchmarkRequestCreateBooking,2,pkg/service/service_test.go,26648,0.00004543,7054,141
1-1-4,service.BenchmarkRequestCreateBooking,2,pkg/service/service_test.go,26166,0.000045516,7088,141
1-1-5,service.BenchmarkRequestCreateBooking,2,pkg/service/service_test.go,26256,0.000046366,7115,141
1-1-1,service.BenchmarkRequestCreateBooking,1,pkg/service/service_test.go,26250,0.000047028,7009,140
1-1-2,service.BenchmarkRequestCreateBooking,1,pkg/service/service_test.go,24453,0.000046839,7071,141
1-1-3,service.BenchmarkRequestCreateBooking,1,pkg/service/service_test.go,26604,0.000047451,7056,141
1-1-4,service.BenchmarkRequestCreateBooking,1,pkg/service/service_test.go,25862,0.000046276,7096,141
1-1-5,service.BenchmarkRequestCreateBooking,1,pkg/service/service_test.go,26132,0.000046432,7117,141
1-2-1,service.BenchmarkHandlerGetFlightSeats,2,pkg/service/service_flights_test.go,1242,0.000938494,189773,2517
1-2-2,service.BenchmarkHandlerGetFlightSeats,2,pkg/service/service_flights_test.go,1369,0.000931538,183903,2519
1-2-3,service.BenchmarkHandlerGetFlightSeats,2,pkg/service/service_flights_test.go,1303,0.000938535,187417,2520
1-2-4,service.BenchmarkHandlerGetFlightSeats,2,pkg/service/service_flights_test.go,1375,0.000915119,184402,2522
1-2-5,service.BenchmarkHandlerGetFlightSeats,2,pkg/service/service_flights_test.go,1364,0.00090692,185293,2523
1-2-1,service.BenchmarkHandlerGetFlightSeats,1,pkg/service/service_flights_test.go,1280,0.00093512,187782,2517
1-2-2,service.BenchmarkHandlerGetFlightSeats,1,pkg/service/service_flights_test.go,1363,0.000932412,184160,2518
1-2-3,service.BenchmarkHandlerGetFlightSeats,1,pkg/service/service_flights_test.go,1291,0.000933486,188022,2520
1-2-4,service.BenchmarkHandlerGetFlightSeats,1,pkg/service/service_flights_test.go,1342,0.000917146,185882,2521
1-2-5,service.BenchmarkHandlerGetFlightSeats,1,pkg/service/service_flights_test.go,1342,0.000911066,186298,2523
1-2-1,service.BenchmarkRequestDestinations,2,pkg/service/service_test.go,199,0.006026957,850083,13786
1-2-2,service.BenchmarkRequestDestinations,2,pkg/service/service_test.go,190,0.006223531,850908,13783
1-2-3,service.BenchmarkRequestDestinations,2,pkg/service/service_test.go,183,0.006273307,855876,13798
1-2-4,service.BenchmarkRequestDestinations,2,pkg/service/service_test.go,194,0.006135901,854949,13802
1-2-5,service.BenchmarkRequestDestinations,2,pkg/service/service_test.go,196,0.006085625,858402,13817
1-2-1,service.BenchmarkRequestDestinations,1,pkg/service/service_test.go,198,0.006013498,849038,13781
1-2-2,service.BenchmarkRequestDestinations,1,pkg/service/service_test.go,192,0.006253966,850650,13784
1-2-3,service.BenchmarkRequestDestinations,1,pkg/service/service_test.go,187,0.006302864,855149,13798
1-2-4,service.BenchmarkRequestDestinations,1,pkg/service/service_test.go,195,0.006211027,857243,13812
1-2-5,service.BenchmarkRequestDestinations,1,pkg/service/service_test.go,199,0.006101262,856270,13810
1-2-1,service.BenchmarkRequestFlights,2,pkg/service/service_test.go,700,0.001786842,668648,2676
1-2-2,service.BenchmarkRequestFlights,2,pkg/service/service_test.go,698,0.00179637,671412,2681
1-2-3,service.BenchmarkRequestFlights,2,pkg/service/service_test.go,690,0.001811343,678887,2684
1-2-4,service.BenchmarkRequestFlights,2,pkg/service/service_test.go,704,0.001806773,667714,2686
1-2-5,service.BenchmarkRequestFlights,2,pkg/service/service_test.go,686,0.001801964,685869,2698
1-2-1,service.BenchmarkRequestFlights,1,pkg/service/service_test.go,992,0.001215543,501131,2683
1-2-2,service.BenchmarkRequestFlights,1,pkg/service/service_test.go,996,0.001202928,500513,2688
1-2-3,service.BenchmarkRequestFlights,1,pkg/service/service_test.go,996,0.001203472,502059,2694
1-2-4,service.BenchmarkRequestFlights,1,pkg/service/service_test.go,1021,0.001201666,489938,2685
1-2-5,service.BenchmarkRequestFlights,1,pkg/service/service_test.go,964,0.001216662,514318,2689
1-2-1,service.BenchmarkRequestCreateBooking,1,pkg/service/service_test.go,26776,0.000047329,7000,140
1-2-2,service.BenchmarkRequestCreateBooking,1,pkg/service/service_test.go,24532,0.000046973,7069,141
1-2-3,service.BenchmarkRequestCreateBooking,1,pkg/service/service_test.go,25908,0.00004824,7070,141
1-2-4,service.BenchmarkRequestCreateBooking,1,pkg/service/service_test.go,26594,0.000048428,7085,141
1-2-5,service.BenchmarkRequestCreateBooking,1,pkg/service/service_test.go,26222,0.000046413,7116,141
1-2-1,service.BenchmarkRequestCreateBooking,2,pkg/service/service_test.go,27402,0.000047402,6989,140
1-2-2,service.BenchmarkRequestCreateBooking,2,pkg/service/service_test.go,24522,0.000047642,7070,141
1-2-3,service.BenchmarkRequestCreateBooking,2,pkg/service/service_test.go,26665,0.000046405,7055,141
1-2-4,service.BenchmarkRequestCreateBooking,2,pkg/service/service_test.go,26145,0.000045888,7089,141
1-2-5,service.BenchmarkRequestCreateBooking,2,pkg/service/service_test.go,25917,0.000046188,7120,141
1-3-1,service.BenchmarkRequestFlights,2,pkg/service/service_test.go,700,0.001807842,670708,2684
1-3-2,service.BenchmarkRequestFlights,2,pkg/service/service_test.go,710,0.001797688,664212,2691
1-3-3,service.BenchmarkRequestFlights,2,pkg/service/service_test.go,700,0.001795026,670190,2683
1-3-4,service.BenchmarkRequestFlights,2,pkg/service/service_test.go,705,0.001801239,667730,2689
1-3-5,service.BenchmarkRequestFlights,2,pkg/service/service_test.go,676,0.001844294,693102,2692
1-3-1,service.BenchmarkRequestFlights,1,pkg/service/service_test.go,999,0.001213828,499308,2687
1-3-2,service.BenchmarkRequestFlights,1,pkg/service/service_test.go,961,0.001212246,515768,2690
1-3-3,service.BenchmarkRequestFlights,1,pkg/service/service_test.go,962,0.001206511,514825,2688
1-3-4,service.BenchmarkRequestFlights,1,pkg/service/service_test.go,1017,0.001202099,491669,2686
1-3-5,service.BenchmarkRequestFlights,1,pkg/service/service_test.go,927,0.001226253,532209,2694
1-3-1,service.BenchmarkRequestCreateBooking,1,pkg/service/service_test.go,26617,0.000047697,7002,140
1-3-2,service.BenchmarkRequestCreateBooking,1,pkg/service/service_test.go,24325,0.000047663,7074,141
1-3-3,service.BenchmarkRequestCreateBooking,1,pkg/service/service_test.go,26196,0.000046292,7063,141
1-3-4,service.BenchmarkRequestCreateBooking,1,pkg/service/service_test.go,25735,0.000045515,7096,141
1-3-5,service.BenchmarkRequestCreateBooking,1,pkg/service/service_test.go,26091,0.000046017,7117,141
1-3-1,service.BenchmarkRequestCreateBooking,2,pkg/service/service_test.go,26673,0.000047318,7001,140
1-3-2,service.BenchmarkRequestCreateBooking,2,pkg/service/service_test.go,24705,0.000047356,7066,141
1-3-3,service.BenchmarkRequestCreateBooking,2,pkg/service/service_test.go,26716,0.00004756,7054,141
1-3-4,service.BenchmarkRequestCreateBooking,2,pkg/service/service_test.go,26536,0.000047444,7085,141
1-3-5,service.BenchmarkRequestCreateBooking,2,pkg/service/service_test.go,25947,0.000045432,7118,141
1-3-1,service.BenchmarkHandlerGetFlightSeats,2,pkg/service/service_flights_test.go,1249,0.000926592,189353,2517
1-3-2,service.BenchmarkHandlerGetFlightSeats,2,pkg/service/service_flights_test.go,1384,0.000929789,183262,2519
1-3-3,service.BenchmarkHandlerGetFlightSeats,2,pkg/service/service_flights_test.go,1280,0.000931825,188570,2520
1-3-4,service.BenchmarkHandlerGetFlightSeats,2,pkg/service/service_flights_test.go,1362,0.000917019,184987,2522
1-3-5,service.BenchmarkHandlerGetFlightSeats,2,pkg/service/service_flights_test.go,1354,0.000902521,185725,2523
1-3-1,service.BenchmarkHandlerGetFlightSeats,1,pkg/service/service_flights_test.go,1279,0.000930337,187836,2517
1-3-2,service.BenchmarkHandlerGetFlightSeats,1,pkg/service/service_flights_test.go,1358,0.000936149,184403,2519
1-3-3,service.BenchmarkHandlerGetFlightSeats,1,pkg/service/service_flights_test.go,1309,0.000929001,187083,2520
1-3-4,service.BenchmarkHandlerGetFlightSeats,1,pkg/service/service_flights_test.go,1351,0.000910031,185496,2522
1-3-5,service.BenchmarkHandlerGetFlightSeats,1,pkg/service/service_flights_test.go,1363,0.000909038,185314,2523
1-3-1,service.BenchmarkRequestDestinations,2,pkg/service/service_test.go,199,0.006090143,848454,13779
1-3-2,service.BenchmarkRequestDestinations,2,pkg/service/service_test.go,190,0.006234006,851151,13785
1-3-3,service.BenchmarkRequestDestinations,2,pkg/service/service_test.go,183,0.006266483,855603,13797
1-3-4,service.BenchmarkRequestDestinations,2,pkg/service/service_test.go,199,0.006104524,854740,13805
1-3-5,service.BenchmarkRequestDestinations,2,pkg/service/service_test.go,198,0.006068153,857339,13814
1-3-1,service.BenchmarkRequestDestinations,1,pkg/service/service_test.go,200,0.005976384,846031,13770
1-3-2,service.BenchmarkRequestDestinations,1,pkg/service/service_test.go,190,0.006167478,850058,13780
1-3-3,service.BenchmarkRequestDestinations,1,pkg/service/service_test.go,181,0.006273924,854897,13793
1-3-4,service.BenchmarkRequestDestinations,1,pkg/service/service_test.go,198,0.006216385,854008,13801
1-3-5,service.BenchmarkRequestDestinations,1,pkg/service/service_test.go,194,0.006074959,856725,13808
2-1-1,service.BenchmarkRequestCreateBooking,2,pkg/service/service_test.go,25574,0.000048669,7023,140
2-1-2,service.BenchmarkRequestCreateBooking,2,pkg/service/service_test.go,23666,0.000050349,7091,141
2-1-3,service.BenchmarkRequestCreateBooking,2,pkg/service/service_test.go,25728,0.00004768,7074,141
2-1-4,service.BenchmarkRequestCreateBooking,2,pkg/service/service_test.go,25561,0.000046528,7102,141
2-1-5,service.BenchmarkRequestCreateBooking,2,pkg/service/service_test.go,25386,0.000047151,7133,141
2-1-1,service.BenchmarkRequestCreateBooking,1,pkg/service/service_test.go,25592,0.000048213,7022,140
2-1-2,service.BenchmarkRequestCreateBooking,1,pkg/service/service_test.go,23962,0.000048631,7082,141
2-1-3,service.BenchmarkRequestCreateBooking,1,pkg/service/service_test.go,25778,0.000048872,7074,141
2-1-4,service.BenchmarkRequestCreateBooking,1,pkg/service/service_test.go,25430,0.000046615,7104,141
2-1-5,service.BenchmarkRequestCreateBooking,1,pkg/service/service_test.go,25963,0.000047681,7124,141
2-1-1,service.BenchmarkHandlerGetFlightSeats,2,pkg/service/service_flights_test.go,1238,0.000950096,189990,2517
2-1-2,service.BenchmarkHandlerGetFlightSeats,2,pkg/service/service_flights_test.go,1353,0.00094629,184647,2519
2-1-3,service.BenchmarkHandlerGetFlightSeats,2,pkg/service/service_flights_test.go,1248,0.000948947,190294,2520
2-1-4,service.BenchmarkHandlerGetFlightSeats,2,pkg/service/service_flights_test.go,1341,0.000925765,185977,2522
2-1-5,service.BenchmarkHandlerGetFlightSeats,2,pkg/service/service_flights_test.go,1326,0.000912046,187013,2523
2-1-1,service.BenchmarkHandlerGetFlightSeats,1,pkg/service/service_flights_test.go,1286,0.000933943,187486,2517
2-1-2,service.BenchmarkHandlerGetFlightSeats,1,pkg/service/service_flights_test.go,1300,0.0009467,187194,2519
2-1-3,service.BenchmarkHandlerGetFlightSeats,1,pkg/service/service_flights_test.go,1274,0.000957405,188907,2520
2-1-4,service.BenchmarkHandlerGetFlightSeats,1,pkg/service/service_flights_test.go,1357,0.000929379,185250,2522
2-1-5,service.BenchmarkHandlerGetFlightSeats,1,pkg/service/service_flights_test.go,1340,0.000917777,186419,2523
2-1-1,service.BenchmarkRequestDestinations,1,pkg/service/service_test.go,196,0.006148222,846758,13770
2-1-2,service.BenchmarkRequestDestinations,1,pkg/service/service_test.go,189,0.006285344,848990,13775
2-1-3,service.BenchmarkRequestDestinations,1,pkg/service/service_test.go,176,0.006293896,856335,13794
2-1-4,service.BenchmarkRequestDestinations,1,pkg/service/service_test.go,198,0.006266502,855412,13806
2-1-5,service.BenchmarkRequestDestinations,1,pkg/service/service_test.go,193,0.006151412,858823,13816
2-1-1,service.BenchmarkRequestDestinations,2,pkg/service/service_test.go,198,0.006143052,846087,13769
2-1-2,service.BenchmarkRequestDestinations,2,pkg/service/service_test.go,186,0.006246221,851603,13783
2-1-3,service.BenchmarkRequestDestinations,2,pkg/service/service_test.go,181,0.006410832,856072,13798
2-1-4,service.BenchmarkRequestDestinations,2,pkg/service/service_test.go,193,0.006185731,857853,13813
2-1-5,service.BenchmarkRequestDestinations,2,pkg/service/service_test.go,195,0.006172479,858859,13818
2-1-1,service.BenchmarkRequestFlights,1,pkg/service/service_test.go,978,0.001221259,505912,2679
2-1-2,service.BenchmarkRequestFlights,1,pkg/service/service_test.go,982,0.00123436,505627,2685
2-1-3,service.BenchmarkRequestFlights,1,pkg/service/service_test.go,967,0.001237811,512361,2687
2-1-4,service.BenchmarkRequestFlights,1,pkg/service/service_test.go,994,0.001240941,502434,2692
2-1-5,service.BenchmarkRequestFlights,1,pkg/service/service_test.go,910,0.001281763,540785,2695
2-1-1,service.BenchmarkRequestFlights,2,pkg/service/service_test.go,699,0.001825233,670511,2680
2-1-2,service.BenchmarkRequestFlights,2,pkg/service/service_test.go,704,0.001823344,669761,2694
2-1-3,service.BenchmarkRequestFlights,2,pkg/service/service_test.go,680,0.001826436,690068,2695
2-1-4,service.BenchmarkRequestFlights,2,pkg/service/service_test.go,706,0.001826221,669207,2698
2-1-5,service.BenchmarkRequestFlights,2,pkg/service/service_test.go,673,0.001836841,696939,2697
2-2-1,service.BenchmarkHandlerGetFlightSeats,2,pkg/service/service_flights_test.go,1227,0.000943396,190639,2517
2-2-2,service.BenchmarkHandlerGetFlightSeats,2,pkg/service/service_flights_test.go,1346,0.000941027,184965,2519
2-2-3,service.BenchmarkHandlerGetFlightSeats,2,pkg/service/service_flights_test.go,1278,0.000949903,188667,2520
2-2-4,service.BenchmarkHandlerGetFlightSeats,2,pkg/service/service_flights_test.go,1351,0.000917755,185523,2522
2-2-5,service.BenchmarkHandlerGetFlightSeats,2,pkg/service/service_flights_test.go,1303,0.00091579,188184,2523
2-2-1,service.BenchmarkHandlerGetFlightSeats,1,pkg/service/service_flights_test.go,1261,0.000943514,188860,2517
2-2-2,service.BenchmarkHandlerGetFlightSeats,1,pkg/service/service_flights_test.go,1341,0.000934661,185200,2519
2-2-3,service.BenchmarkHandlerGetFlightSeats,1,pkg/service/service_flights_test.go,1280,0.000946228,188584,2520
2-2-4,service.BenchmarkHandlerGetFlightSeats,1,pkg/service/service_flights_test.go,1342,0.000928608,185944,2522
2-2-5,service.BenchmarkHandlerGetFlightSeats,1,pkg/service/service_flights_test.go,1326,0.000914791,187060,2523
2-2-1,service.BenchmarkRequestCreateBooking,1,pkg/service/service_test.go,26038,0.000048544,7014,140
2-2-2,service.BenchmarkRequestCreateBooking,1,pkg/service/service_test.go,24316,0.000048738,7075,141
2-2-3,service.BenchmarkRequestCreateBooking,1,pkg/service/service_test.go,25414,0.000047899,7080,141
2-2-4,service.BenchmarkRequestCreateBooking,1,pkg/service/service_test.go,24932,0.000047308,7115,141
2-2-5,service.BenchmarkRequestCreateBooking,1,pkg/service/service_test.go,25335,0.000048245,7136,141
2-2-1,service.BenchmarkRequestCreateBooking,2,pkg/service/service_test.go,26026,0.000049988,7014,140
2-2-2,service.BenchmarkRequestCreateBooking,2,pkg/service/service_test.go,23430,0.000049205,7096,141
2-2-3,service.BenchmarkRequestCreateBooking,2,pkg/service/service_test.go,25716,0.000047404,7073,141
2-2-4,service.BenchmarkRequestCreateBooking,2,pkg/service/service_test.go,25711,0.000047915,7101,141
2-2-5,service.BenchmarkRequestCreateBooking,2,pkg/service/service_test.go,24562,0.000046823,7149,141
2-2-1,service.BenchmarkRequestFlights,2,pkg/service/service_test.go,697,0.001823875,677283,2700
2-2-2,service.BenchmarkRequestFlights,2,pkg/service/service_test.go,694,0.0018354,673741,2677
2-2-3,service.BenchmarkRequestFlights,2,pkg/service/service_test.go,678,0.001837996,689939,2687
2-2-4,service.BenchmarkRequestFlights,2,pkg/service/service_test.go,702,0.00183715,672277,2697
2-2-5,service.BenchmarkRequestFlights,2,pkg/service/service_test.go,668,0.00183916,701759,2698
2-2-1,service.BenchmarkRequestFlights,1,pkg/service/service_test.go,991,0.001237068,502570,2687
2-2-2,service.BenchmarkRequestFlights,1,pkg/service/service_test.go,932,0.001251934,528833,2690
2-2-3,service.BenchmarkRequestFlights,1,pkg/service/service_test.go,938,0.001243452,525057,2686
2-2-4,service.BenchmarkRequestFlights,1,pkg/service/service_test.go,996,0.00122553,501412,2691
2-2-5,service.BenchmarkRequestFlights,1,pkg/service/service_test.go,913,0.001288848,536947,2686
2-2-1,service.BenchmarkRequestDestinations,2,pkg/service/service_test.go,196,0.006085643,847471,13773
2-2-2,service.BenchmarkRequestDestinations,2,pkg/service/service_test.go,186,0.006309301,850534,13779
2-2-3,service.BenchmarkRequestDestinations,2,pkg/service/service_test.go,181,0.006403785,858626,13807
2-2-4,service.BenchmarkRequestDestinations,2,pkg/service/service_test.go,190,0.006200629,854662,13798
2-2-5,service.BenchmarkRequestDestinations,2,pkg/service/service_test.go,194,0.006234534,858884,13817
2-2-1,service.BenchmarkRequestDestinations,1,pkg/service/service_test.go,198,0.006153959,847535,13774
2-2-2,service.BenchmarkRequestDestinations,1,pkg/service/service_test.go,184,0.006384604,853567,13789
2-2-3,service.BenchmarkRequestDestinations,1,pkg/service/service_test.go,177,0.006395987,855739,13794
2-2-4,service.BenchmarkRequestDestinations,1,pkg/service/service_test.go,192,0.0063313,855187,13802
2-2-5,service.BenchmarkRequestDestinations,1,pkg/service/service_test.go,194,0.006309404,860920,13825
2-3-1,service.BenchmarkRequestFlights,2,pkg/service/service_test.go,693,0.001829814,674815,2677
2-3-2,service.BenchmarkRequestFlights,2,pkg/service/service_test.go,700,0.001812331,671820,2689
2-3-3,service.BenchmarkRequestFlights,2,pkg/service/service_test.go,667,0.001834682,701604,2694
2-3-4,service.BenchmarkRequestFlights,2,pkg/service/service_test.go,702,0.001812165,670893,2692
2-3-5,service.BenchmarkRequestFlights,2,pkg/service/service_test.go,655,0.001857653,712749,2694
2-3-1,service.BenchmarkRequestFlights,1,pkg/service/service_test.go,984,0.001229328,502723,2676
2-3-2,service.BenchmarkRequestFlights,1,pkg/service/service_test.go,962,0.001239993,515866,2692
2-3-3,service.BenchmarkRequestFlights,1,pkg/service/service_test.go,954,0.001223668,516124,2679
2-3-4,service.BenchmarkRequestFlights,1,pkg/service/service_test.go,992,0.001228173,502026,2687
2-3-5,service.BenchmarkRequestFlights,1,pkg/service/service_test.go,938,0.001268264,528566,2699
2-3-1,service.BenchmarkRequestDestinations,1,pkg/service/service_test.go,196,0.006143445,847531,13774
2-3-2,service.BenchmarkRequestDestinations,1,pkg/service/service_test.go,192,0.006358944,850211,13782
2-3-3,service.BenchmarkRequestDestinations,1,pkg/service/service_test.go,180,0.006334296,854161,13789
2-3-4,service.BenchmarkRequestDestinations,1,pkg/service/service_test.go,196,0.006169098,853986,13799
2-3-5,service.BenchmarkRequestDestinations,1,pkg/service/service_test.go,189,0.006178606,859110,13815
2-3-1,service.BenchmarkRequestDestinations,2,pkg/service/service_test.go,196,0.006059934,848100,13776
2-3-2,service.BenchmarkRequestDestinations,2,pkg/service/service_test.go,192,0.006286714,848685,13776
2-3-3,service.BenchmarkRequestDestinations,2,pkg/service/service_test.go,182,0.006387356,853295,13787
2-3-4,service.BenchmarkRequestDestinations,2,pkg/service/service_test.go,193,0.006190992,854179,13798
2-3-5,service.BenchmarkRequestDestinations,2,pkg/service/service_test.go,194,0.006207211,859679,13820
2-3-1,service.BenchmarkRequestCreateBooking,2,pkg/service/service_test.go,26332,0.000047936,7008,140
2-3-2,service.BenchmarkRequestCreateBooking,2,pkg/service/service_test.go,23499,0.00004757,7092,141
2-3-3,service.BenchmarkRequestCreateBooking,2,pkg/service/service_test.go,26294,0.000046867,7061,141
2-3-4,service.BenchmarkRequestCreateBooking,2,pkg/service/service_test.go,25708,0.000046616,7100,141
2-3-5,service.BenchmarkRequestCreateBooking,2,pkg/service/service_test.go,25830,0.00004647,7123,141
2-3-1,service.BenchmarkRequestCreateBooking,1,pkg/service/service_test.go,25653,0.000049071,7021,140
2-3-2,service.BenchmarkRequestCreateBooking,1,pkg/service/service_test.go,23856,0.000047974,7084,141
2-3-3,service.BenchmarkRequestCreateBooking,1,pkg/service/service_test.go,25866,0.000048907,7072,141
2-3-4,service.BenchmarkRequestCreateBooking,1,pkg/service/service_test.go,26023,0.000049192,7098,141
2-3-5,service.BenchmarkRequestCreateBooking,1,pkg/service/service_test.go,25828,0.000049297,7130,141
2-3-1,service.BenchmarkHandlerGetFlightSeats,1,pkg/service/service_flights_test.go,1256,0.000947743,189049,2517
2-3-2,service.BenchmarkHandlerGetFlightSeats,1,pkg/service/service_flights_test.go,1345,0.000942248,184968,2518
2-3-3,service.BenchmarkHandlerGetFlightSeats,1,pkg/service/service_flights_test.go,1315,0.00094964,186836,2520
2-3-4,service.BenchmarkHandlerGetFlightSeats,1,pkg/service/service_flights_test.go,1346,0.00092942,185755,2522
2-3-5,service.BenchmarkHandlerGetFlightSeats,1,pkg/service/service_flights_test.go,1354,0.000907405,185714,2523
2-3-1,service.BenchmarkHandlerGetFlightSeats,2,pkg/service/service_flights_test.go,1250,0.000946183,189327,2517
2-3-2,service.BenchmarkHandlerGetFlightSeats,2,pkg/service/service_flights_test.go,1346,0.000938247,185064,2519
2-3-3,service.BenchmarkHandlerGetFlightSeats,2,pkg/service/service_flights_test.go,1297,0.000946895,187705,2520
2-3-4,service.BenchmarkHandlerGetFlightSeats,2,pkg/service/service_flights_test.go,1298,0.000933473,188054,2522
2-3-5,service.BenchmarkHandlerGetFlightSeats,2,pkg/service/service_flights_test.go,1311,0.000911205,187790,2523
3-1-1,service.BenchmarkRequestFlights,1,pkg/service/service_test.go,963,0.001259773,515084,2691
3-1-2,service.BenchmarkRequestFlights,1,pkg/service/service_test.go,979,0.001230321,506378,2684
3-1-3,service.BenchmarkRequestFlights,1,pkg/service/service_test.go,969,0.001240446,510470,2683
3-1-4,service.BenchmarkRequestFlights,1,pkg/service/service_test.go,992,0.001237085,499485,2677
3-1-5,service.BenchmarkRequestFlights,1,pkg/service/service_test.go,964,0.001266188,516144,2696
3-1-1,service.BenchmarkRequestFlights,2,pkg/service/service_test.go,693,0.001816917,677878,2689
3-1-2,service.BenchmarkRequestFlights,2,pkg/service/service_test.go,699,0.001800485,670586,2681
3-1-3,service.BenchmarkRequestFlights,2,pkg/service/service_test.go,688,0.00181814,680085,2682
3-1-4,service.BenchmarkRequestFlights,2,pkg/service/service_test.go,712,0.001811563,663177,2693
3-1-5,service.BenchmarkRequestFlights,2,pkg/service/service_test.go,654,0.001870052,713536,2694
3-1-1,service.BenchmarkRequestDestinations,2,pkg/service/service_test.go,196,0.006177303,848970,13780
3-1-2,service.BenchmarkRequestDestinations,2,pkg/service/service_test.go,190,0.006359942,852243,13789
3-1-3,service.BenchmarkRequestDestinations,2,pkg/service/service_test.go,178,0.006357345,854062,13787
3-1-4,service.BenchmarkRequestDestinations,2,pkg/service/service_test.go,195,0.006261397,856426,13808
3-1-5,service.BenchmarkRequestDestinations,2,pkg/service/service_test.go,194,0.006197769,857761,13813
3-1-1,service.BenchmarkRequestDestinations,1,pkg/service/service_test.go,195,0.006074973,848873,13778
3-1-2,service.BenchmarkRequestDestinations,1,pkg/service/service_test.go,184,0.006433562,851778,13783
3-1-3,service.BenchmarkRequestDestinations,1,pkg/service/service_test.go,177,0.006335535,856679,13796
3-1-4,service.BenchmarkRequestDestinations,1,pkg/service/service_test.go,192,0.006120395,855277,13802
3-1-5,service.BenchmarkRequestDestinations,1,pkg/service/service_test.go,198,0.006256293,856734,13812
3-1-1,service.BenchmarkHandlerGetFlightSeats,1,pkg/service/service_flights_test.go,1244,0.000942398,189669,2517
3-1-2,service.BenchmarkHandlerGetFlightSeats,1,pkg/service/service_flights_test.go,1312,0.000932351,186558,2518
3-1-3,service.BenchmarkHandlerGetFlightSeats,1,pkg/service/service_flights_test.go,1298,0.000948009,187671,2520
3-1-4,service.BenchmarkHandlerGetFlightSeats,1,pkg/service/service_flights_test.go,1348,0.000920119,185655,2522
3-1-5,service.BenchmarkHandlerGetFlightSeats,1,pkg/service/service_flights_test.go,1320,0.000904246,187292,2523
3-1-1,service.BenchmarkHandlerGetFlightSeats,2,pkg/service/service_flights_test.go,1242,0.000951453,190105,2517
3-1-2,service.BenchmarkHandlerGetFlightSeats,2,pkg/service/service_flights_test.go,1354,0.000941206,184580,2518
3-1-3,service.BenchmarkHandlerGetFlightSeats,2,pkg/service/service_flights_test.go,1288,0.000935404,188163,2520
3-1-4,service.BenchmarkHandlerGetFlightSeats,2,pkg/service/service_flights_test.go,1334,0.000924804,186270,2521
3-1-5,service.BenchmarkHandlerGetFlightSeats,2,pkg/service/service_flights_test.go,1364,0.00091886,185307,2523
3-1-1,service.BenchmarkRequestCreateBooking,2,pkg/service/service_test.go,25660,0.000050022,7021,140
3-1-2,service.BenchmarkRequestCreateBooking,2,pkg/service/service_test.go,24008,0.000049643,7082,141
3-1-3,service.BenchmarkRequestCreateBooking,2,pkg/service/service_test.go,25869,0.000047311,7071,141
3-1-4,service.BenchmarkRequestCreateBooking,2,pkg/service/service_test.go,26030,0.00004677,7093,141
3-1-5,service.BenchmarkRequestCreateBooking,2,pkg/service/service_test.go,25726,0.000047064,7126,141
3-1-1,service.BenchmarkRequestCreateBooking,1,pkg/service/service_test.go,25722,0.000049199,7019,140
3-1-2,service.BenchmarkRequestCreateBooking,1,pkg/service/service_test.go,23504,0.000047883,7092,141
3-1-3,service.BenchmarkRequestCreateBooking,1,pkg/service/service_test.go,25124,0.000049844,7087,141
3-1-4,service.BenchmarkRequestCreateBooking,1,pkg/service/service_test.go,25198,0.000047671,7111,141
3-1-5,service.BenchmarkRequestCreateBooking,1,pkg/service/service_test.go,25110,0.0000479,7141,141
3-2-1,service.BenchmarkRequestCreateBooking,2,pkg/service/service_test.go,26013,0.000049432,7014,140
3-2-2,service.BenchmarkRequestCreateBooking,2,pkg/service/service_test.go,23702,0.000049377,7089,141
3-2-3,service.BenchmarkRequestCreateBooking,2,pkg/service/service_test.go,25257,0.000048091,7083,141
3-2-4,service.BenchmarkRequestCreateBooking,2,pkg/service/service_test.go,25432,0.000048355,7107,141
3-2-5,service.BenchmarkRequestCreateBooking,2,pkg/service/service_test.go,25627,0.000048509,7132,141
3-2-1,service.BenchmarkRequestCreateBooking,1,pkg/service/service_test.go,25885,0.00004839,7016,140
3-2-2,service.BenchmarkRequestCreateBooking,1,pkg/service/service_test.go,24397,0.000049554,7074,141
3-2-3,service.BenchmarkRequestCreateBooking,1,pkg/service/service_test.go,25082,0.000047254,7086,141
3-2-4,service.BenchmarkRequestCreateBooking,1,pkg/service/service_test.go,25384,0.000048074,7108,141
3-2-5,service.BenchmarkRequestCreateBooking,1,pkg/service/service_test.go,24672,0.00004795,7149,141
3-2-1,service.BenchmarkHandlerGetFlightSeats,2,pkg/service/service_flights_test.go,1278,0.000933073,188004,2517
3-2-2,service.BenchmarkHandlerGetFlightSeats,2,pkg/service/service_flights_test.go,1354,0.000941618,184744,2519
3-2-3,service.BenchmarkHandlerGetFlightSeats,2,pkg/service/service_flights_test.go,1290,0.000942783,188058,2520
3-2-4,service.BenchmarkHandlerGetFlightSeats,2,pkg/service/service_flights_test.go,1318,0.000919249,187048,2522
3-2-5,service.BenchmarkHandlerGetFlightSeats,2,pkg/service/service_flights_test.go,1290,0.000907194,188791,2523
3-2-1,service.BenchmarkHandlerGetFlightSeats,1,pkg/service/service_flights_test.go,1225,0.000955442,190888,2517
3-2-2,service.BenchmarkHandlerGetFlightSeats,1,pkg/service/service_flights_test.go,1333,0.000947394,185596,2519
3-2-3,service.BenchmarkHandlerGetFlightSeats,1,pkg/service/service_flights_test.go,1302,0.000943043,187452,2520
3-2-4,service.BenchmarkHandlerGetFlightSeats,1,pkg/service/service_flights_test.go,1323,0.000924803,186830,2522
3-2-5,service.BenchmarkHandlerGetFlightSeats,1,pkg/service/service_flights_test.go,1351,0.000919454,185875,2523
3-2-1,service.BenchmarkRequestDestinations,2,pkg/service/service_test.go,193,0.006347964,848768,13776
3-2-2,service.BenchmarkRequestDestinations,2,pkg/service/service_test.go,193,0.006447227,849665,13781
3-2-3,service.BenchmarkRequestDestinations,2,pkg/service/service_test.go,178,0.006485675,855038,13791
3-2-4,service.BenchmarkRequestDestinations,2,pkg/service/service_test.go,194,0.006161847,856137,13807
3-2-5,service.BenchmarkRequestDestinations,2,pkg/service/service_test.go,195,0.006229244,858195,13815
3-2-1,service.BenchmarkRequestDestinations,1,pkg/service/service_test.go,195,0.006044472,848143,13775
3-2-2,service.BenchmarkRequestDestinations,1,pkg/service/service_test.go,188,0.006281762,849436,13776
3-2-3,service.BenchmarkRequestDestinations,1,pkg/service/service_test.go,181,0.006538793,856466,13799
3-2-4,service.BenchmarkRequestDestinations,1,pkg/service/service_test.go,193,0.006222058,855060,13801
3-2-5,service.BenchmarkRequestDestinations,1,pkg/service/service_test.go,193,0.006263977,859903,13820
3-2-1,service.BenchmarkRequestFlights,2,pkg/service/service_test.go,699,0.001810665,671351,2683
3-2-2,service.BenchmarkRequestFlights,2,pkg/service/service_test.go,697,0.001798759,674462,2690
3-2-3,service.BenchmarkRequestFlights,2,pkg/service/service_test.go,672,0.001829812,695209,2687
3-2-4,service.BenchmarkRequestFlights,2,pkg/service/service_test.go,714,0.001818879,660060,2687
3-2-5,service.BenchmarkRequestFlights,2,pkg/service/service_test.go,669,0.001838064,700371,2696
3-2-1,service.BenchmarkRequestFlights,1,pkg/service/service_test.go,955,0.001252516,518226,2688
3-2-2,service.BenchmarkRequestFlights,1,pkg/service/service_test.go,960,0.001225571,517227,2694
3-2-3,service.BenchmarkRequestFlights,1,pkg/service/service_test.go,955,0.001228737,516703,2683
3-2-4,service.BenchmarkRequestFlights,1,pkg/service/service_test.go,1027,0.001212262,488512,2689
3-2-5,service.BenchmarkRequestFlights,1,pkg/service/service_test.go,921,0.0012855,535349,2695
3-3-1,service.BenchmarkHandlerGetFlightSeats,2,pkg/service/service_flights_test.go,1242,0.000941936,189934,2517
3-3-2,service.BenchmarkHandlerGetFlightSeats,2,pkg/service/service_flights_test.go,1334,0.000937168,185595,2518
3-3-3,service.BenchmarkHandlerGetFlightSeats,2,pkg/service/service_flights_test.go,1294,0.000948049,187881,2520
3-3-4,service.BenchmarkHandlerGetFlightSeats,2,pkg/service/service_flights_test.go,1353,0.000925127,185382,2521
3-3-5,service.BenchmarkHandlerGetFlightSeats,2,pkg/service/service_flights_test.go,1340,0.000915159,186399,2523
3-3-1,service.BenchmarkHandlerGetFlightSeats,1,pkg/service/service_flights_test.go,1221,0.000951821,190932,2517
3-3-2,service.BenchmarkHandlerGetFlightSeats,1,pkg/service/service_flights_test.go,1326,0.000941205,185875,2518
3-3-3,service.BenchmarkHandlerGetFlightSeats,1,pkg/service/service_flights_test.go,1262,0.00095954,189507,2520
3-3-4,service.BenchmarkHandlerGetFlightSeats,1,pkg/service/service_flights_test.go,1317,0.000930313,187108,2522
3-3-5,service.BenchmarkHandlerGetFlightSeats,1,pkg/service/service_flights_test.go,1353,0.000914742,185777,2523
3-3-1,service.BenchmarkRequestDestinations,2,pkg/service/service_test.go,196,0.006128579,845817,13767
3-3-2,service.BenchmarkRequestDestinations,2,pkg/service/service_test.go,193,0.00627336,851063,13786
3-3-3,service.BenchmarkRequestDestinations,2,pkg/service/service_test.go,180,0.006321739,857294,13801
3-3-4,service.BenchmarkRequestDestinations,2,pkg/service/service_test.go,193,0.006235885,854132,13798
3-3-5,service.BenchmarkRequestDestinations,2,pkg/service/service_test.go,194,0.006268664,857349,13811
3-3-1,service.BenchmarkRequestDestinations,1,pkg/service/service_test.go,196,0.006069423,848237,13775
3-3-2,service.BenchmarkRequestDestinations,1,pkg/service/service_test.go,189,0.006238281,854223,13796
3-3-3,service.BenchmarkRequestDestinations,1,pkg/service/service_test.go,181,0.006427096,854373,13790
3-3-4,service.BenchmarkRequestDestinations,1,pkg/service/service_test.go,193,0.006174526,857642,13812
3-3-5,service.BenchmarkRequestDestinations,1,pkg/service/service_test.go,195,0.006208647,858311,13816
3-3-1,service.BenchmarkRequestFlights,2,pkg/service/service_test.go,697,0.00181102,674536,2689
3-3-2,service.BenchmarkRequestFlights,2,pkg/service/service_test.go,680,0.001809347,688406,2688
3-3-3,service.BenchmarkRequestFlights,2,pkg/service/service_test.go,676,0.00184684,691699,2687
3-3-4,service.BenchmarkRequestFlights,2,pkg/service/service_test.go,699,0.001822984,672159,2687
3-3-5,service.BenchmarkRequestFlights,2,pkg/service/service_test.go,664,0.001848306,707116,2705
3-3-1,service.BenchmarkRequestFlights,1,pkg/service/service_test.go,961,0.00123312,511495,2672
3-3-2,service.BenchmarkRequestFlights,1,pkg/service/service_test.go,985,0.001224436,504878,2687
3-3-3,service.BenchmarkRequestFlights,1,pkg/service/service_test.go,969,0.001230676,508423,2675
3-3-4,service.BenchmarkRequestFlights,1,pkg/service/service_test.go,998,0.001217512,497525,2679
3-3-5,service.BenchmarkRequestFlights,1,pkg/service/service_test.go,896,0.00125367,545934,2689
3-3-1,service.BenchmarkRequestCreateBooking,1,pkg/service/service_test.go,26106,0.000050889,7013,140
3-3-2,service.BenchmarkRequestCreateBooking,1,pkg/service/service_test.go,24192,0.000049534,7078,141
3-3-3,service.BenchmarkRequestCreateBooking,1,pkg/service/service_test.go,25501,0.00004713,7077,141
3-3-4,service.BenchmarkRequestCreateBooking,1,pkg/service/service_test.go,25424,0.000048798,7109,141
3-3-5,service.BenchmarkRequestCreateBooking,1,pkg/service/service_test.go,25033,0.000047591,7141,141
3-3-1,service.BenchmarkRequestCreateBooking,2,pkg/service/service_test.go,25365,0.000049919,7026,140
3-3-2,service.BenchmarkRequestCreateBooking,2,pkg/service/service_test.go,23601,0.000049166,7091,141
3-3-3,service.BenchmarkRequestCreateBooking,2,pkg/service/service_test.go,25245,0.000047239,7082,141
3-3-4,service.BenchmarkRequestCreateBooking,2,pkg/service/service_test.go,25480,0.000046515,7103,141
3-3-5,service.BenchmarkRequestCreateBooking,2,pkg/service/service_test.go,24643,0.000047529,7149,141
